Count,Item Type,Product ID,Product SKU,Product Name,Product Custom Fields,Extracted Cross Sell SKUs
882,Product,6166,S4398,"29"" Blown Open Rose Silk Flower Stem","Colors=Peach-Coral-Orange;Colors=Lavender-Blue-Purple;Colors=Pink-Fuchsia-Beauty;Colors=Red-Burgundy;Colors=Cream-White;Colors=Yellow-Gold;""Size=25"""" and Over"";""Cart Upsells=CV4809-CLR,ACF100-CL"";""Type=Roses & Ranunculus"";Season=Spring;Season=Summer","CV4809-CLR,ACF100-CL"
897,Product,6167,S4665,"18.5"" Silk Gerbera Daisy Flower Stem","Season=Summer;Colors=Pink-Fuchsia-Beauty;Colors=Peach-Coral-Orange;Colors=Red-Burgundy;Colors=Cream-White;Colors=Yellow-Gold;""Cart Upsells=CV6049-CLR,ACF100-CL"";Type=Daisies","CV6049-CLR,ACF100-CL"
908,Product,6168,S1253,"29"" Delphinium Silk Flower Stem","Colors=Lavender-Blue-Purple;Colors=Cream-White;Colors=Pink-Fuchsia-Beauty;""Cart Upsells=CV4486-CLR,ACF100-CL"";""Type=Other Varieties""","CV4486-CLR,ACF100-CL"
917,Product,6169,S1276-WHT,"14"" Faux Magnolia Flower Stem","Colors=Cream-White;""Size=5"""" to 18"""""";""Cart Upsells=CV6048-CLR,ACF100-CL"";Type=Magnolias","CV6048-CLR,ACF100-CL"
918,Product,6170,S1577,"21"" Silk Hydrangea Flower Stem","Season=Summer;Season=Spring;Colors=Cream-White;Colors=Green-Brown-Beige;Colors=Lavender-Blue-Purple;Colors=Peach-Coral-Orange;""Cart Upsells=CV4486-CLR,ACF100-CL"";Type=Hydrangeas","CV4486-CLR,ACF100-CL"
931,Product,6171,S1802-CHPN,"24"" Faux Tree Magnolia Flower Stem","Colors=Cream-White;""Size=19"""" to 24"""""";Season=Spring;Season=Summer;""Cart Upsells=CV6049-CLR,ACF100-CL"";Type=Magnolias","CV6049-CLR,ACF100-CL"
933,Product,6173,S2865,"24"" Zinnia Silk Flower Stem","Season=Summer;Season=Fall;Colors=Pink-Fuchsia-Beauty;Colors=Yellow-Gold;Colors=Green-Brown-Beige;Colors=Peach-Coral-Orange;""Cart Upsells=CV4486-CLR,ACF100-CL"";Type=Zinnias","CV4486-CLR,ACF100-CL"
946,Product,6174,S3047-GR,"35"" Faux Bird of Paradise Leaf Stem","Season=Summer;Colors=Green-Brown-Beige;""Size=25"""" and Over"";""Cart Upsells=CV6049-CLR,ACF100-CL"";Type=Tropical;""Type=Greenery & Foliage""","CV6049-CLR,ACF100-CL"
947,Product,6175,S3059-BR,"48"" Faux Curly Willow Foliage Stem","Colors=Green-Brown-Beige;""Size=25"""" and Over"";""Cart Upsells=CV6058-CLR,ACF100-CL"";""Type=Twigs & Branches"";""Type=Greenery & Foliage""","CV6058-CLR,ACF100-CL"
948,Product,6176,S3064,"24"" Silk Calla Lily Bud Flower Stem","Colors=Cream-White;Colors=Red-Burgundy;Colors=Green-Brown-Beige;Colors=Peach-Coral-Orange;Colors=Yellow-Gold;""Size=19"""" to 24"""""";""Cart Upsells=CV6058-CLR,ACF100-CL"";""Type=Calla Lilies""","CV6058-CLR,ACF100-CL"
959,Product,6177,S3068,"33"" Artificial Lilac Flower Stem Spray","Colors=Lavender-Blue-Purple;Colors=Cream-White;Season=Spring;""Cart Upsells=CV4809-CLR,ACF100-CL"";""Type=Other Varieties""","CV4809-CLR,ACF100-CL"
964,Product,6178,S3080,"28"" Large Silk Calla Lily Flower Stem","Colors=Cream-White;Colors=Red-Burgundy;Colors=Peach-Coral-Orange;Colors=Yellow-Gold;""Size=25"""" and Over"";""Cart Upsells=CV4809-CLR,ACF100-CL"";""Type=Calla Lilies""","CV4809-CLR,ACF100-CL"
973,Product,6179,S3081,"27"" Medium Silk Calla Lily Flower Stem","Colors=Cream-White;Colors=Red-Burgundy;Colors=Green-Brown-Beige;Colors=Peach-Coral-Orange;Colors=Yellow-Gold;""Size=25"""" and Over"";""Type=Calla Lilies"";""Cart Upsells=CV4486-CLR,ACF100-CL""","CV4486-CLR,ACF100-CL"
984,Product,6180,S4008-GR,"40"" Artificial Fern Foliage Branch","Colors=Green-Brown-Beige;""Size=25"""" and Over"";""Cart Upsells=CV4809-CLR,ACF100-CL"";""Type=Greenery & Foliage""","CV4809-CLR,ACF100-CL"
985,Product,6181,S4009-GR,"36"" Artificial Cycas Foliage Branch","Colors=Green-Brown-Beige;""Size=25"""" and Over"";""Cart Upsells=CV4809-CLR,ACF100-CL"";""Type=Greenery & Foliage"";Type=Tropical","CV4809-CLR,ACF100-CL"
986,Product,6182,S4059-GR,"27"" Artificial Springerii Foliage Stem","Colors=Green-Brown-Beige;""Size=25"""" and Over"";""Cart Upsells=CV4486-CLR,ACF100-CL""","CV4486-CLR,ACF100-CL"
988,Product,6184,S4071-BR,"52"" Artificial Birch Twig Branch Stem","Colors=Green-Brown-Beige;""Size=25"""" and Over"";""Cart Upsells=CV6058-CLR,ACF100-CL"";""Type=Twigs & Branches""","CV6058-CLR,ACF100-CL"
989,Product,6185,S4078,"27"" Silk Tulip Flower Stem","Colors=Cream-White;Colors=Pink-Fuchsia-Beauty;Colors=Red-Burgundy;Colors=Yellow-Gold;""Size=25"""" and Over"";Season=Spring;""Cart Upsells=CV4809-CLR,ACF100-CL"";Type=Tulips","CV4809-CLR,ACF100-CL"
998,Product,6186,S4159-TTGR,"42"" Artificial Himalayas Grass Foliage Stem","Colors=Green-Brown-Beige;""Size=25"""" and Over"";""Cart Upsells=CV4809-CLR,ACF100-CL"";""Type=Greenery & Foliage""","CV4809-CLR,ACF100-CL"
999,Product,6187,S4167,"35"" Artificial Phalaenopsis Orchid Stem","Colors=Cream-White;Colors=Pink-Fuchsia-Beauty;""Size=25"""" and Over"";Colors=Yellow-Gold;""Cart Upsells=CV4809-CLR,ACF100-CL"";Type=Orchids","CV4809-CLR,ACF100-CL"
1006,Product,6188,S4188-YL,"29"" Large Sunflower Silk Flower Stem","Colors=Yellow-Gold;""Size=25"""" and Over"";Season=Summer;Season=Fall;""Cart Upsells=CV4809-CLR,ACF100-CL"";Type=Sunflowers","CV4809-CLR,ACF100-CL"
1008,Product,6190,S4220,"29"" Open Rose Silk Flower Stem","Colors=Peach-Coral-Orange;Colors=Lavender-Blue-Purple;Colors=Pink-Fuchsia-Beauty;Colors=Red-Burgundy;Colors=Cream-White;Colors=Yellow-Gold;""Size=25"""" and Over"";""Cart Upsells=CV4809-CLR,ACF100-CL"";""Type=Roses & Ranunculus""","CV4809-CLR,ACF100-CL"
1023,Product,6191,S4221,"30"" Rose Bud Silk Flower Stem","Colors=Peach-Coral-Orange;Colors=Lavender-Blue-Purple;Colors=Pink-Fuchsia-Beauty;Colors=Red-Burgundy;Colors=Cream-White;Colors=Yellow-Gold;""Size=25"""" and Over"";""Cart Upsells=CV4809-CLR, ACF100-CL"";""Type=Roses & Ranunculus""","CV4809-CLR, ACF100-CL"
1038,Product,6192,S4275-WH,"24"" Medium Faux Magnolia Flower Stem","Colors=Cream-White;""Size=19"""" to 24"""""";""Cart Upsells=CV4809-CLR,ACF100-CL"";Type=Magnolias","CV4809-CLR,ACF100-CL"
1039,Product,6193,S4276-WH,"24"" Large Faux Magnolia Flower Stem","Colors=Cream-White;""Size=25"""" and Over"";""Cart Upsells=CV4809-CLR,ACF100-CL"";Type=Magnolias","CV4809-CLR,ACF100-CL"
1040,Product,6194,S4565-YE,"41"" Forsythia Silk Flower Stem","Colors=Yellow-Gold;Season=Spring;""Size=25"""" and Over"";""Cart Upsells=CV4809-CLR,ACF100-CL"";""Type=Other Varieties"";""Type=Twigs & Branches""","CV4809-CLR,ACF100-CL"
1041,Product,6195,S4567-GR,"30.5"" Large Monstera Leaf Artificial Foliage Stem","Colors=Green-Brown-Beige;""Size=25"""" and Over"";""Cart Upsells=CV4809-CLR,ACF100-CL"";""Type=Greenery & Foliage""","CV4809-CLR,ACF100-CL"
1042,Product,6196,S4569-GR,"24"" Westland Artificial Ficus Leaf Foliage Branch","Colors=Green-Brown-Beige;""Size=19"""" to 24"""""";""Cart Upsells=CV4486-CLR,ACF100-CL"";""Type=Greenery & Foliage""","CV4486-CLR,ACF100-CL"
1043,Product,6197,S4580,"29"" Faux Heliconia Flower Stem","Colors=Peach-Coral-Orange;Colors=Red-Burgundy;""Size=25"""" and Over"";""Cart Upsells=CV4809-CLR,ACF100-CL"";Type=Tropical","CV4809-CLR,ACF100-CL"
1048,Product,6198,S4648,"39"" Faux Dogwood Branch","Season=Spring;Colors=Pink-Fuchsia-Beauty;Colors=Cream-White;""Size=25"""" and Over"";""Cart Upsells=CV4809-CLR,ACF100-CL"";""Type=Other Varieties""","CV4809-CLR,ACF100-CL"
1053,Product,6199,S4649-GR,"34"" Viburnum Silk Flower Stem","Colors=Green-Brown-Beige;""Size=25"""" and Over"";""Cart Upsells=CV4809-CLR,ACF100-CL"";""Type=Other Varieties""","CV4809-CLR,ACF100-CL"
1054,Product,6200,S4667,"38"" Artificial Dancing Orchid Flower Stem","Colors=Peach-Coral-Orange;""Size=25"""" and Over"";""Cart Upsells=CV4809-CLR,ACF100-CL"";Type=Orchids","CV4809-CLR,ACF100-CL"
1061,Product,6201,S4675-ORPU,"33"" Artificial Bird of Paradise Flower Stem","Colors=Peach-Coral-Orange;""Cart Upsells=CV4809-CLR,ACF100-CL"";Type=Tropical","CV4809-CLR,ACF100-CL"
1062,Product,6202,S4683-CR,"43"" Artificial Birch Twig Stem","Colors=Cream-White;""Size=25"""" and Over"";""Cart Upsells=CV4809-CLR,ACF100-CL"";""Type=Twigs & Branches"";Season=Fall;Season=Holiday","CV4809-CLR,ACF100-CL"
1063,Product,6203,S4688,"24"" Peony Silk Flower Stem","Season=Summer;Colors=Pink-Fuchsia-Beauty;Colors=Cream-White;Colors=Lavender-Blue-Purple;""Size=19"""" to 24"""""";""Cart Upsells=CV4486-CLR,ACF100-CL"";Type=Peonies","CV4486-CLR,ACF100-CL"
1081,Product,6205,S4900,"31"" Artificial Torch Ginger Stem","Colors=Peach-Coral-Orange;Colors=Yellow-Gold;""Size=25"""" and Over"";""Cart Upsells=CV4809-CLR,ACF100-CL"";Type=Tropical","CV4809-CLR,ACF100-CL"
1086,Product,6206,S4901,"33"" Silk Hydrangea Faux Flower Stem","Colors=Lavender-Blue-Purple;Colors=Cream-White;Colors=Peach-Coral-Orange;Season=Spring;Season=Summer;""Size=25"""" and Over"";""Cart Upsells=CV6058-CLR,ACF100-CL"";Type=Hydrangeas","CV6058-CLR,ACF100-CL"
1101,Product,6213,S4902,"35"" Gladiola Silk Flower Stem","Colors=Peach-Coral-Orange;Colors=Red-Burgundy;Colors=Cream-White;Colors=Yellow-Gold;Season=Summer;""Size=25"""" and Over"";""Cart Upsells=CV4809-CLR,ACF100-CL"";""Type=Other Varieties""","CV4809-CLR,ACF100-CL"
1110,Product,6214,S4903,"23"" Poppy Silk Flower Spray","Colors=Peach-Coral-Orange;Colors=Red-Burgundy;Colors=Yellow-Gold;Season=Summer;""Size=19"""" to 24"""""";""Cart Upsells=CV6049-CLR,ACF100-CL"";Type=Poppies","CV6049-CLR,ACF100-CL"
1119,Product,6215,S4905,"30"" Tiger Lily Silk Flower Stem","Colors=Peach-Coral-Orange;Colors=Red-Burgundy;Colors=Cream-White;Colors=Yellow-Gold;Season=Summer;""Size=25"""" and Over"";""Cart Upsells=CV4809-CLR,ACF100-CL"";Type=Lilies","CV4809-CLR,ACF100-CL"
1128,Product,6216,S4965,"27"" Silk Cherry Blossom Faux Flower Stem","Colors=Pink-Fuchsia-Beauty;Colors=Cream-White;Season=Spring;""Size=25"""" and Over"";""Cart Upsells=CV4809-CLR,ACF100-CL"";""Type=Other Varieties""","CV4809-CLR,ACF100-CL"
1135,Product,6217,S4966,"46"" Silk Cherry Blossom Flower Stem","Colors=Pink-Fuchsia-Beauty;Colors=Cream-White;Season=Spring;""Size=25"""" and Over"";""Cart Upsells=CV6058-CLR,ACF100-CL"";""Type=Other Varieties""","CV6058-CLR,ACF100-CL"
1142,Product,6218,S5003,"25"" Silk Gerbera Daisy Faux Flower Stem","Colors=Pink-Fuchsia-Beauty;Colors=Peach-Coral-Orange;Colors=Cream-White;Colors=Yellow-Gold;Season=Summer;""Size=25"""" and Over"";""Cart Upsells=CV4809-CLR,ACF100-CL"";Type=Daisies","CV4809-CLR,ACF100-CL"
1151,Product,6219,S5080,"30"" Cosmos Silk Flower Stem","Colors=Peach-Coral-Orange;Colors=Lavender-Blue-Purple;Colors=Pink-Fuchsia-Beauty;""Size=25"""" and Over"";Season=Spring;Season=Summer;""Cart Upsells=CV6049-CLR,ACF100-CL"";""Type=Other Varieties""","CV6049-CLR,ACF100-CL"
1158,Product,6220,S5082,"30"" Queen Anne's Lace Faux Flower Stem","Colors=Lavender-Blue-Purple;Colors=Cream-White;Season=Spring;Season=Summer;""Size=25"""" and Over"";""Cart Upsells=CV4809-CLR,ACF100-CL"";""Type=Other Varieties""","CV4809-CLR,ACF100-CL"
1163,Product,6221,S5096,"39"" Cone Hydrangea Artificial Flower Stem","Colors=Green-Brown-Beige;Colors=Cream-White;Season=Spring;Season=Summer;""Size=25"""" and Over"";""Cart Upsells=CV6058-CLR,ACF100-CL"";Type=Hydrangeas","CV6058-CLR,ACF100-CL"
1168,Product,6222,S5098,"28"" Faux Iris Flower Stem","Colors=Yellow-Gold;Colors=Lavender-Blue-Purple;Season=Spring;""Size=25"""" and Over"";""Cart Upsells=CV4809-CLR,ACF100-CL"";""Type=Other Varieties""","CV4809-CLR,ACF100-CL"
1173,Product,6223,S6000,"28.5"" Lilac Silk Flower Stem","Colors=Pink-Fuchsia-Beauty;Colors=Cream-White;Colors=Lavender-Blue-Purple;Season=Spring;""Size=25"""" and Over"";""Cart Upsells=CV4809-CLR,ACF100-CL"";""Type=Other Varieties""","CV4809-CLR,ACF100-CL"
1182,Product,6224,S4181,"29"" Faux Achillea Foliage Silk Flower Spray","Colors=Green-Brown-Beige;Colors=Red-Burgundy;""Size=25"""" and Over"";""Cart Upsells=CV4809-CLR, ACF100-CL"";""Type=Other Varieties""","CV4809-CLR, ACF100-CL"
1187,Product,6225,S4518-GR,"36"" Wild Thyme Artificial Foliage Stem Spray","Colors=Green-Brown-Beige;""Size=25"""" and Over"";""Cart Upsells=CV4809-CLR,ACF100-CL"";""Type=Greenery & Foliage""","CV4809-CLR,ACF100-CL"
1188,Product,6226,S4562,"12.5"" Daisy Silk Flower Stem Spray (x 3) with Bud","Colors=Cream-White;Colors=Yellow-Gold;Season=Summer;""Size=5"""" to 18"""""";""Cart Upsells=CV6048-CLR,ACF100-CL"";Type=Daisies","CV6048-CLR,ACF100-CL"
1193,Product,6227,S4897,"18"" Wild Lilac Silk Flower Stem Spray","Colors=Cream-White;Colors=Yellow-Gold;Colors=Pink-Fuchsia-Beauty;""Size=5"""" to 18"""""";Season=Spring;""Cart Upsells=CV6049-CLR,ACF100-CL"";""Type=Other Varieties""","CV6049-CLR,ACF100-CL"
1202,Product,6228,S4934-SG,"22"" Artificial Eucalyptus Seed Foliage Spray","Colors=Green-Brown-Beige;""Size=19"""" to 24"""""";""Cart Upsells=Cv6049-CLR,ACF100-CL"";""Type=Greenery & Foliage""","Cv6049-CLR,ACF100-CL"
1203,Product,6229,S4962-GR,"24"" Faux Tea Leaves Foliage Stem Spray","Colors=Green-Brown-Beige;""Size=19"""" to 24"""""";""Cart Upsells=CV6049-CLR,ACF100-CL"";""Type=Greenery & Foliage""","CV6049-CLR,ACF100-CL"
1204,Product,6230,S5069-GRCR,"24"" Mini Watermelon Pepperomia Faux Foliage Spray","Colors=Green-Brown-Beige;""Size=19"""" to 24"""""";""Cart Upsells=CV6049-CLR"";""Type=Greenery & Foliage""",CV6049-CLR
1205,Product,6231,S5070-GRCR,"25"" Mini Fittonia Artificial Foliage Spray","Colors=Green-Brown-Beige;""Size=25"""" and Over"";""Cart Upsells=CV6049-CLR,ACF100-CL"";""Type=Greenery & Foliage""","CV6049-CLR,ACF100-CL"
1206,Product,6232,S5071-GR,"25"" Faux Mountain Laurel Foliage Spray","Colors=Green-Brown-Beige;""Size=25"""" and Over"";""Cart Upsells=CV6049-CLR,ACF100-CL"";""Type=Greenery & Foliage""","CV6049-CLR,ACF100-CL"
1214,Product,6234,S5083,"14"" Cabbage Rose Faux Flower Stem Spray","""Cart Upsells=CV6048-CLR,ACF100-CL"";""Type=Roses & Ranunculus"";""Size=5"""" to 18"""""";Color=Red-Burgundy;Color=Peach-Coral-Orange;Color=Pink-Fuchsia-Beauty;Color=Cream-White","CV6048-CLR,ACF100-CL"
1223,Product,6235,S5091,"22"" Artificial Mini Leaves Foliage Spray","""Cart Upsells=CV6048-CLR,ACF100-CL"";""Type=Roses & Ranunculus"";""Size=5"""" to 18"""""";Color=Red-Burgundy;Color=Peach-Coral-Orange;Color=Pink-Fuchsia-Beauty;Color=Cream-White","CV6048-CLR,ACF100-CL"
1229,Product,6237,S5093,"28"" Queen Anne Lace Faux Flower Stem Spray","Colors=Cream-White;Colors=Yellow-Gold;""Size=25"""" and Over"";""Cart Upsells=CV4809-CLR,ACF100-CL"";""Type=Other Varieties""","CV4809-CLR,ACF100-CL"
1234,Product,6238,S5094,"17"" Meadow Daisy Faux Flower Bundle","Colors=Cream-White;Colors=Yellow-Gold;""Size=25"""" and Over"";""Cart Upsells=CV4809-CLR,ACF100-CL"";""Type=Other Varieties""","CV4809-CLR,ACF100-CL"
1239,Product,6239,S5095,"30.5"" Rambling Rose Silk Flower Stem Spray","Colors=Lavender-Blue-Purple;Colors=Red-Burgundy;""Size=25"""" and Over"";""Cart Upsells=CV4809-CLR,ACF100-CL"";""Type=Roses & Ranunculus""","CV4809-CLR,ACF100-CL"
1248,Product,6244,S3073,"26"" Gypsophillia Spray.","Colors=Lavender-Blue-Purple;Colors=Red-Burgundy;""Size=25"""" and Over"";""Cart Upsells=CV4809-CLR,ACF100-CL"";""Type=Roses & Ranunculus""","CV4809-CLR,ACF100-CL"
1253,Product,6245,S4061,"23.5"" Faux Fuji Mum Silk Flower Stem","Colors=Lavender-Blue-Purple;Colors=Red-Burgundy;""Size=25"""" and Over"";""Cart Upsells=CV4809-CLR,ACF100-CL"";""Type=Roses & Ranunculus""","CV4809-CLR,ACF100-CL"
1259,Product,6247,S4075,"28"" Baby Cosmos Silk Flower Stem","Colors=Lavender-Blue-Purple;Colors=Red-Burgundy;""Size=25"""" and Over"";""Cart Upsells=CV4809-CLR,ACF100-CL"";""Type=Roses & Ranunculus""","CV4809-CLR,ACF100-CL"
1264,Product,6248,S4077,"25"" Zinnia Silk Flower Stem","Colors=Lavender-Blue-Purple;Colors=Red-Burgundy;""Size=25"""" and Over"";""Cart Upsells=CV4809-CLR,ACF100-CL"";""Type=Roses & Ranunculus""","CV4809-CLR,ACF100-CL"
1271,Product,6249,S4168,"14"" Faux Berry Foliage Stem Spray","Colors=Lavender-Blue-Purple;Colors=Red-Burgundy;""Size=25"""" and Over"";""Cart Upsells=CV4809-CLR,ACF100-CL"";""Type=Roses & Ranunculus"";status=notifyme","CV4809-CLR,ACF100-CL"
1278,Product,6252,S4566,"11"" Artificial Cymbidium Orchid Flower Stem","Colors=Lavender-Blue-Purple;Colors=Red-Burgundy;""Size=25"""" and Over"";""Cart Upsells=CV4809-CLR,ACF100-CL"";""Type=Roses & Ranunculus""","CV4809-CLR,ACF100-CL"
1288,Product,6254,S4706,"25"" Fluffy Ranunculus Silk Flower Stem Spray","Colors=Yellow-Gold;Colors=Pink-Fuchsia-Beauty;Season=Summer;Season=Spring;""Size=25"""" and Over"";""Cart Upsells=CV4486-CLR,ACF100-CL"";""Type=Roses & Ranunculus""","CV4486-CLR,ACF100-CL"
1300,Product,6258,S5072,"19.5"" Diamond Rose Silk Flower Stem Spray","Colors=Yellow-Gold;Colors=Peach-Coral-Orange;Season=Spring;Season=Summer;""Size=19"""" to 24"""""";""Cart Upsells=CV6049-CLR,ACF100-CL"";""Type=Roses & Ranunculus""","CV6049-CLR,ACF100-CL"
1305,Product,6259,S5081,"25"" Daisy Silk Flower Stem Spray","Colors=Yellow-Gold;Colors=Peach-Coral-Orange;Season=Spring;Season=Summer;""Size=19"""" to 24"""""";""Cart Upsells=CV6049-CLR,ACF100-CL"";""Type=Roses & Ranunculus""","CV6049-CLR,ACF100-CL"
1310,Product,6260,S5088,"33"" Cornus Silk Flower Stem Spray","Colors=Cream-White;Colors=Pink-Fuchsia-Beauty;""Size=25"""" and Over"";""Cart Upsells=CV4809-CLR,ACF100-CL"";""Type=Other Varieties""","CV4809-CLR,ACF100-CL"
1315,Product,6261,S5099,"30"" Mini Freesia Faux Flower Stem Spray","Colors=Lavender-Blue-Purple;Colors=Cream-White;""Size=25"""" and Over"";Season=Spring;""Cart Upsells=CV6049-CLR,ACF100-CL"";""Type=Other Varieties""","CV6049-CLR,ACF100-CL"
1323,Product,6265,S4582,"25"" Ranunculus Silk Flower Stem Spray","Colors=Green-Brown-Beige;Colors=Pink-Fuchsia-Beauty;Colors=Lavender-Blue-Purple;Colors=Yellow-Gold;Season=Spring;Season=Summer;""Size=25"""" and Over"";""Cart Upsells=CV4809-CLR,ACF100-CL"";""Type=Roses & Ranunculus""","CV4809-CLR,ACF100-CL"
1333,Product,6267,S4697,"18"" Mini Phalaenopsis Orchid Artificial Foliage Stem","Colors=Cream-White;Colors=Lavender-Blue-Purple;""Size=5"""" to 18"""""";Season=Spring;""Cart Upsells=CV6049-CLR,ACF100-CL"";Type=Orchids","CV6049-CLR,ACF100-CL"
1340,Product,6268,S4700,"35"" Floppy Phalaenopsis Faux Orchid Stem","Colors=Cream-White;Colors=Lavender-Blue-Purple;Colors=Pink-Fuchsia-Beauty;Season=Spring;""Size=25"""" and Over"";""Cart Upsells=CV4809-CLR,ACF100-CL"";Type=Orchids","CV4809-CLR,ACF100-CL"
1347,Product,6269,S4703,"18"" Artificial Mini Dendrobium Orchid Stem","Colors=Lavender-Blue-Purple;Colors=Cream-White;""Size=5"""" to 18"""""";""Cart Upsells=CV6049-CLR,ACF100-CL"";Type=Orchids","CV6049-CLR,ACF100-CL"
1355,Product,6271,S4783,"13"" Silk Ranunculus Flower Stem Spray","Colors=Green-Brown-Beige;Colors=Yellow-Gold;Colors=Peach-Coral-Orange;Colors=Lavender-Blue-Purple;Colors=Red-Burgundy;Season=Spring;Season=Summer;""Size=5"""" to 18"""""";""Cart Upsells=CV6048-CLR,ACF100-CL"";""Type=Roses & Ranunculus""","CV6048-CLR,ACF100-CL"
1368,Product,6272,S4785,"14"" Dahlia Silk Flower Stem Spray","Colors=Peach-Coral-Orange;Colors=Pink-Fuchsia-Beauty;Colors=Red-Burgundy;Colors=Cream-White;Season=Summer;""Size=5"""" to 18"""""";""Cart Upsells=CV6048-CLR,ACF100-CL"";""Type=Other Varieties""","CV6048-CLR,ACF100-CL"
1377,Product,6273,S4904,"22.5"" Poppy Silk Flower Stem","Colors=Red-Burgundy;Colors=Yellow-Gold;Colors=Peach-Coral-Orange;Season=Summer;""Size=19"""" to 24"""""";""Cart Upsells=CV4486-CLR,ACF100-CL"";Type=Poppies","CV4486-CLR,ACF100-CL"
1386,Product,6274,S4906,"12"" Snowball Hydrangea Silk Flower Bundle","Colors=Red-Burgundy;Colors=Yellow-Gold;Colors=Peach-Coral-Orange;Season=Summer;""Size=19"""" to 24"""""";""Cart Upsells=CV4486-CLR,ACF100-CL"";Type=Poppies","CV4486-CLR,ACF100-CL"
1391,Product,6275,S4907,"25"" Snowball Hydrangea Silk Flower Stem Spray","Colors=Red-Burgundy;Colors=Yellow-Gold;Colors=Peach-Coral-Orange;Season=Summer;""Size=19"""" to 24"""""";""Cart Upsells=CV4486-CLR,ACF100-CL"";Type=Poppies","CV4486-CLR,ACF100-CL"
1394,Product,6276,S4908,"31"" Artificial Pear Blossom Flower Stem","Colors=Cream-White;""Size=25"""" and Over"";""Cart Upsells=CV4809-CLR,ACF100-CL"";""Type=Other Varieties"";Season=Spring","CV4809-CLR,ACF100-CL"
1397,Product,6277,S4909,"17"" Magnolia Silk Flower Stem Spray","Colors=Cream-White;Colors=Lavender-Blue-Purple;""Size=5"""" to 18"""""";Season=Summer;""Cart Upsells=CV6048-CLR,ACF100-CL"";Type=Magnolias","CV6048-CLR,ACF100-CL"
1498,Product,6346,S3072-BL,"21.5"" Cornflower Silk Flower Stem Spray","Season=Summer;Color=Lavender-Blue-Purple;""Cart Upsells=CV4486-CLR,ACF100-CL"";""Type=Other Varieties""","CV4486-CLR,ACF100-CL"
1505,Product,6349,S3071,"23.5"" Silk Ranunculus Flower Stem Spray","""Size=19"""" to 24"""""";Colors=Peach-Coral-Orange;Colors=Yellow-Gold;""Type=Roses & Ranunculus"";""Cart Upsells=CV4486-CLR,ACF100-CL""","CV4486-CLR,ACF100-CL"
1510,Product,6350,S4138,"17.5"" Water Lily Faux Flower Stem","""Size=19"""" to 24"""""";Colors=Peach-Coral-Orange;Colors=Yellow-Gold;""Type=Roses & Ranunculus"";""Cart Upsells=CV4486-CLR,ACF100-CL""","CV4486-CLR,ACF100-CL"
1518,Product,6354,S1773,"33"" Artificial Vanda Orchid Stem","""Size=25"""" and Over"";Colors=Cream-White;Colors=Red-Burgundy;""Cart Upsells=CTV4809-CLR,ACF100-CL"";Type=Orchids","CTV4809-CLR,ACF100-CL"
1523,Product,6355,S1260,"27"" Artificial Rock Cress Flower Spray","""Size=25"""" and Over"";Colors=Cream-White;Colors=Red-Burgundy;""Cart Upsells=CTV4809-CLR,ACF100-CL"";Type=Orchids","CTV4809-CLR,ACF100-CL"
1552,Product,6377,S4161,"25.5"" Faux Flower Heather Stem","Colors=Green-Brown-Beige;Colors=Yellow-Gold;""Size=25"""" and Over"";""Cart Upsells=CV4486-CLR,ACF100-CL"";""Type=Other Varieties"";Season=Summer;Season=Fall;""Price Suffix=per stem""","CV4486-CLR,ACF100-CL"
1558,Product,6379,S4268-BR,Artifical Plastic Staghorn Branch,"""Cart Upsells=CV6058-CLR,ACF100-CL"";""Type=Twigs & Branches"";Season=Fall","CV6058-CLR,ACF100-CL"
1560,Product,6381,S4563,"29"" Pansy Silk Flower Stem Spray","""Size=25"""" and Over"";Colors=Lavender-Blue-Purple;Colors=Yellow-Gold;Season=Summer;Season=Spring;""Cart Upsells=CV6049-CLR,ACF100-CL"";""Type=Other Varieties""","CV6049-CLR,ACF100-CL"
1565,Product,6382,S4682,"24"" Silk Rose Flower Stem Spray","""Size=25"""" and Over"";Colors=Lavender-Blue-Purple;Colors=Yellow-Gold;Season=Summer;Season=Spring;""Cart Upsells=CV6049-CLR,ACF100-CL"";""Type=Other Varieties""","CV6049-CLR,ACF100-CL"
1572,Product,6383,S4708,"39"" Artificial Oncidium Orchid Flower Stem Spray","""Size=25"""" and Over"";Colors=Lavender-Blue-Purple;Colors=Yellow-Gold;Season=Summer;Season=Spring;""Cart Upsells=CV6049-CLR,ACF100-CL"";""Type=Other Varieties""","CV6049-CLR,ACF100-CL"
1577,Product,6384,S4762,"25"" Tiger Lily Silk Flower Stem Spray","""Size=25"""" and Over"";Colors=Lavender-Blue-Purple;Colors=Yellow-Gold;Season=Summer;Season=Spring;""Cart Upsells=CV6049-CLR,ACF100-CL"";""Type=Other Varieties""","CV6049-CLR,ACF100-CL"
1590,Product,6387,S4715,"20"" Faux Berry Spray","""Size=19"""" to 24"""""";Season=Fall;Season=Summer;Colors=Green-Brown-Beige;Colors=Lavender-Blue-Purple;Colors=Cream-White;""Cart Upsells=CV6049-CLR,ACF100-CL"";Type=Berries","CV6049-CLR,ACF100-CL"
1597,Product,6388,S4638,"15"" Cymbidium Orchid Faux Flower Stem","""Size=25"""" and Over"";Colors=Lavender-Blue-Purple;Colors=Yellow-Gold;Season=Summer;Season=Spring;""Cart Upsells=CV6049-CLR,ACF100-CL"";""Type=Other Varieties""","CV6049-CLR,ACF100-CL"
1602,Product,6389,S4679-CRBR,"30"" Cymbidium Orchid Faux Flower Stem","Colors=Cream-White;Colors=Green-Brown-Beige;""Size=25"""" and Over"";""Cart Upsells=CV6058-CLR,ACF100-CL"";Type=Orchids","CV6058-CLR,ACF100-CL"
1608,Product,6391,S5076,"26"" Cabbage Rose Silk Flower Stem","Season=Spring;Season=Summer;""Size=25"""" and Over"";Colors=Pink-Fuchsia-Beauty;""Cart Upsells=CV4809-CLR,ACF100-CL"";""Type=Roses & Ranunculus""","CV4809-CLR,ACF100-CL"
1614,Product,6393,S5078,"23"" Anemone Silk Flower Stem","""Size=19"""" to 24"""""";Colors=Pink-Fuchsia-Beauty;Colors=Lavender-Blue-Purple;Season=Spring;Season=Summer;""Cart Upsells=CV6049-CLR,ACF100-CL"";""Type=Other Varieties""","CV6049-CLR,ACF100-CL"
1619,Product,6394,S5079,"27"" Hybrid Lilac Silk Flower Stem Spray","""Size=19"""" to 24"""""";Colors=Pink-Fuchsia-Beauty;Colors=Lavender-Blue-Purple;Season=Spring;Season=Summer;""Cart Upsells=CV6049-CLR,ACF100-CL"";""Type=Other Varieties""","CV6049-CLR,ACF100-CL"
1624,Product,6395,S5085,"12"" Artificial Rose Bundle","""Size=19"""" to 24"""""";Colors=Pink-Fuchsia-Beauty;Colors=Lavender-Blue-Purple;Season=Spring;Season=Summer;""Cart Upsells=CV6049-CLR,ACF100-CL"";""Type=Other Varieties""","CV6049-CLR,ACF100-CL"
1629,Product,6396,S5086,"14"" Cabbage Rose Faux Flower Bundle","""Size=19"""" to 24"""""";Colors=Pink-Fuchsia-Beauty;Colors=Lavender-Blue-Purple;Season=Spring;Season=Summer;""Cart Upsells=CV6049-CLR,ACF100-CL"";""Type=Other Varieties""","CV6049-CLR,ACF100-CL"
1634,Product,6397,S4898,"10"" Rose Bud Silk Flower Bouquet","""Size=19"""" to 24"""""";Colors=Pink-Fuchsia-Beauty;Colors=Lavender-Blue-Purple;Season=Spring;Season=Summer;""Cart Upsells=CV6049-CLR,ACF100-CL"";""Type=Other Varieties"";""Type=Bundles & Bouquets""","CV6049-CLR,ACF100-CL"
1639,Product,6398,S4650,"44"" Artificial Maple Fruit Foliage Stem","""Size=19"""" to 24"""""";Colors=Pink-Fuchsia-Beauty;Colors=Lavender-Blue-Purple;Season=Spring;Season=Summer;""Cart Upsells=CV6049-CLR,ACF100-CL"";""Type=Other Varieties""","CV6049-CLR,ACF100-CL"
1644,Product,6399,S4423,"5.75"" Faux Echeveria Pick Foliage Stem","""Size=19"""" to 24"""""";Colors=Pink-Fuchsia-Beauty;Colors=Lavender-Blue-Purple;Season=Spring;Season=Summer;""Cart Upsells=CV6049-CLR,ACF100-CL"";""Type=Other Varieties""","CV6049-CLR,ACF100-CL"
1649,Product,6400,S4564-GR,"49"" Happy Leaves Artificial Foliage Flower Stem Spray","Colors=Green-Brown-Beige;""Size=25"""" and Over"";""Cart Upsells=CV6058-CLR,ACF100-CL"";""Type=Greenery & Foliage"";""Type=Twigs & Branches""","CV6058-CLR,ACF100-CL"
1650,Product,6401,S4645-PU,"14"" Ranunculus Silk Flower Stem","Colors=Lavender-Blue-Purple;""Size=5"""" to 18"""""";Season=Spring;Season=Summer;""Cart Upsells=CV6048-CLR,ACF100-CL"";""Type=Roses & Ranunculus""","CV6048-CLR,ACF100-CL"
1676,Product,6427,S4666,"32"" Faux Amaryllis Flower Stem","Colors=Red-Burgundy;""Size=25"""" and Over"";Season=Holiday;""Cart Upsells=CV6058-CLR,ACF100-CL"";""Type=Other Varieties"";""Price Suffix=per stem""","CV6058-CLR,ACF100-CL"
1686,Product,6433,S4770-WHT,"16"" Wild Rose Silk Flower Stem","""Size=5"""" to 18"""""";Colors=Cream-White;""Cart Upsells=CV6049-CLR,ACF100-CL"";""Type=Roses & Ranunculus""","CV6049-CLR,ACF100-CL"
1703,Product,6446,S4924-REYE,"36"" Artificial Bittersweet Foliage Stem Spray","""Size=25"""" and Over"";Colors=Red-Burgundy;Colors=Yellow-Gold;Season=Fall;""Cart Upsells=CV4809-CLR,ACF100-CL"";Type=Berries;""Type=Twigs & Branches""","CV4809-CLR,ACF100-CL"
1704,Product,6447,S4933-GRWH,"14"" Faux Cactus Stem with Flower","""Size=5"""" to 18"""""";Colors=Green-Brown-Beige;Colors=Cream-White;""Cart Upsells=CV6048-CLR,ACF100-CL"";""Type=Other Varieties"";""Type=Greenery & Foliage""","CV6048-CLR,ACF100-CL"
1709,Product,6452,S4964-CRP,"33"" Apple Blossom Silk Flower Stem Spray","""Size=25"""" and Over"";Colors=Cream-White;Colors=Pink-Fuchsia-Beauty;Season=Spring;""Cart Upsells=CV4809-CLR,ACF100-CL"";""Type=Other Varieties""","CV4809-CLR,ACF100-CL"
1724,Product,6463,S5090,"29"" Faux Wax Flower Spray","""Size=25"""" and Over"";Colors=Red-Burgundy;Colors=Peach-Coral-Orange;Season=Summer;Season=Fall;""Type=Other Varieties"";""Cart Upsells=CV6049-CLR,ACF100-CL""","CV6049-CLR,ACF100-CL"
1730,Product,6465,S6028-TTYE,"32"" Maple Leaf Artificial Foliage Stem Spray","""Size=25"""" and Over"";Colors=Yellow-Gold;Season=Fall;""Cart Upsells=CV6049-CLR,ACF100-CL"";""Type=Greenery & Foliage""","CV6049-CLR,ACF100-CL"
1733,Product,6468,S6032,"28"" Budding Thistle Artificial Foliage Stem Spray","""Size=25"""" and Over"";Colors=Green-Brown-Beige;Colors=Red-Burgundy;Season=Summer;Season=Fall;""Cart Upsells=CV4809-CLR,ACF100-CL"";""Type=Other Varieties""","CV4809-CLR,ACF100-CL"
1740,Product,6471,S6037-ORBR,"43"" Sandcherry & Berries Artificial Foliage Stem Spray","""Size=25"""" and Over"";Colors=Peach-Coral-Orange;""Cart Upsells=CV6058-CLR,ACF100-CL"";Type=Berries;""Type=Greenery & Foliage""","CV6058-CLR,ACF100-CL"